{
	"class_name" : "PinholeCameraParameters",
	"extrinsic" : 
	[
		-0.43746920032886527,
		-0.14200204724576654,
		0.88795051514238921,
		0.0,
		-0.88106242558117254,
		0.26519222151530286,
		-0.39166578594102308,
		0.0,
		-0.17986022626652029,
		-0.95368155283920109,
		-0.24112609726358217,
		0.0,
		7.2182203835791023,
		2.3760779435063917,
		15.599449319588308,
		1.0
	],
	"intrinsic" : 
	{
		"height" : 1009,
		"intrinsic_matrix" : 
		[
			873.8196324184986,
			0.0,
			0.0,
			0.0,
			873.8196324184986,
			0.0,
			923.5,
			504.0,
			1.0
		],
		"width" : 1848
	},
	"version_major" : 1,
	"version_minor" : 0
}